id,programme,title_el,research_question_el,research_question_en,unit,outcome,preferred_models,status
EE1,R&D,Απορρόφηση Δημόσιας Δαπάνης,"Πώς τα οικονομικά, κοινωνικά και ερευνητικά χαρακτηριστικά των Περιφερειών και Νομών επηρεάζουν την απορρόφηση της δημόσιας δαπάνης των ερευνητικών έργων;","How do the economic, social and research characteristics of regions and regional units affect the absorption of public expenditure on research projects?",Region–year,Regional public-expenditure absorption index,Fractional logit; panel FE; Poisson QMLE with clustered SE,Source document
EE2,R&D,Δημιουργία νέων θέσεων ερευνητών,"Πώς τα οικονομικά, κοινωνικά και ερευνητικά χαρακτηριστικά των Περιφερειών και Νομών επηρεάζουν τη δημιουργία νέων θέσεων ερευνητών στα ερευνητικά έργα;","How do the economic, social and research characteristics of regions and regional units affect the creation of new researcher positions in research projects?",Project,New research jobs IPA/FTE,OLS HC3; Poisson/NB robustness; region FE,Source document
EE3,R&D,Συνολική απασχόληση ερευνητών,"Πώς τα χαρακτηριστικά των Περιφερειών επηρεάζουν τη συνολική απασχόληση ερευνητών που δημιουργείται από τα ερευνητικά έργα;","How do regional characteristics affect the total research employment created by research projects?",Project,Total research employment IPA,OLS HC3; Poisson/NB robustness; region FE,Source document
EE4,R&D,Αριθμός ερευνητικών έργων,"Πώς τα οικονομικά και ερευνητικά χαρακτηριστικά των Περιφερειών επηρεάζουν τον αριθμό των ερευνητικών έργων που υλοποιούνται;","How do the economic and research characteristics of regions affect the number of research projects implemented?",Region–year,Number of R&D projects,Poisson FE; negative binomial FE; clustered SE,Source document
EE5,R&D,Συμμετοχή επιχειρήσεων,"Πώς τα περιφερειακά χαρακτηριστικά επηρεάζουν τη συμμετοχή επιχειρήσεων στα ερευνητικά έργα;","How do regional characteristics affect firm participation in research projects?",Project,Number of participating firms,Poisson/NB; OLS HC3 benchmark; project controls,Source document
EE6,R&D,Συνεργασία επιχειρήσεων και ερευνητικών φορέων,"Πώς τα περιφερειακά χαρακτηριστικά επηρεάζουν τη συνεργασία επιχειρήσεων και ερευνητικών φορέων στα ερευνητικά έργα;","How do regional characteristics affect collaboration between firms and research organisations in research projects?",Region–year,Number of collaborative research projects,Poisson FE; negative binomial FE; clustered SE,Source document
EE7,R&D,Παραγωγή διπλωμάτων ευρεσιτεχνίας,"Πώς τα περιφερειακά χαρακτηριστικά επηρεάζουν την παραγωγή διπλωμάτων ευρεσιτεχνίας που προκύπτουν από τα ερευνητικά έργα;","How do regional characteristics affect patent production arising from research projects?",Region–year,Number of patent applications,Poisson FE; negative binomial FE; zero-inflated sensitivity,Source document
EE8,R&D,Δημιουργία spin-offs / spin-outs,"Πώς τα περιφερειακά χαρακτηριστικά επηρεάζουν τη δημιουργία spin-offs και spin-outs που προκύπτουν από τα ερευνητικά έργα;","How do regional characteristics affect the creation of spin-offs and spin-outs arising from research projects?",Region–year,Number of spin-offs/spin-outs,Poisson FE; negative binomial FE; zero-inflated sensitivity,Source document
EE9,R&D,Ωφέλεια ΜΜΕ,"Πώς τα περιφερειακά χαρακτηριστικά επηρεάζουν τον αριθμό των μικρομεσαίων επιχειρήσεων που ωφελούνται από τη συμμετοχή τους σε ερευνητικά έργα;","How do regional characteristics affect the number of SMEs benefiting from participation in research projects?",Region–year,Number of SMEs benefiting,Poisson FE; negative binomial FE; clustered SE,Source document
AT-RQ1,Antonis Tritsis,Χωρική κατανομή,"Πώς κατανέμονται τα εγκεκριμένα έργα και οι προϋπολογισμοί του προγράμματος «Αντώνης Τρίτσης» στις 13 ελληνικές Περιφέρειες;","How are approved projects and budgets under the Antonis Tritsis programme distributed across Greece's 13 regions?",Project/region,Project count and approved budget,Descriptive; concentration indices; GIS; spatial autocorrelation,Reconstructed from dataset scope
AT-RQ2,Antonis Tritsis,Θεματικές προτεραιότητες,"Πώς διαφοροποιείται η σύνθεση των θεματικών προσκλήσεων AT01–AT13 μεταξύ Περιφερειών;","How does the composition of thematic calls AT01–AT13 vary across regions?",Project/region,Call mix and budget shares,Contingency analysis; multinomial model; compositional charts,Reconstructed from dataset scope
AT-RQ3,Antonis Tritsis,Τύπος δικαιούχου,"Διαφέρουν το μέγεθος, η θεματική και ο χρόνος έγκρισης των έργων ανά τύπο δικαιούχου;","Do project size, theme and approval timing differ by beneficiary type?",Project,Approved budget and approval time,ANOVA/Kruskal; quantile regression; survival/duration model,Reconstructed from dataset scope
AT-RQ4,Antonis Tritsis,Περιφερειακές ανισότητες,"Υπάρχουν συστηματικές περιφερειακές ανισότητες στη χρηματοδότηση, πριν και μετά την κανονικοποίηση ως προς τον πληθυσμό και τις ανάγκες υποδομών;","Are there systematic regional funding inequalities before and after normalisation for population and infrastructure needs?",Region,Budget per capita / need-adjusted funding,Weighted regression; inequality indices; spatial model,Reconstructed; requires external denominators
AT-RQ5,Antonis Tritsis,Χρονική εξέλιξη,"Πώς εξελίχθηκαν διαχρονικά ο αριθμός, ο προϋπολογισμός και η θεματική σύνθεση των εγκρίσεων έως τον Αύγουστο 2025;","How did the count, budget and thematic composition of approvals evolve through August 2025?",Month/quarter,Approvals and budget,Time series; structural-break/seasonality diagnostics,Reconstructed from dataset scope
AT-RQ6,Antonis Tritsis,Χωρική συγκέντρωση,"Παρουσιάζουν οι εγκρίσεις και οι προϋπολογισμοί θετική χωρική αυτοσυσχέτιση ή τοπικές συστάδες υψηλών/χαμηλών τιμών;","Do approvals and budgets exhibit positive spatial autocorrelation or local high/low clusters?",Region/NUTS3,Counts and budgets,Moran's I; LISA; spatial lag/error sensitivity,Reconstructed from GIS objective
AT-RQ7,Antonis Tritsis,Συγκέντρωση δικαιούχων,"Σε ποιον βαθμό η χρηματοδότηση συγκεντρώνεται σε περιορισμένο αριθμό δικαιούχων;","To what extent is funding concentrated among a limited number of beneficiaries?",Beneficiary,Approved budget,HHI; Gini; Lorenz/Pareto; quantile tables,Reconstructed from dataset scope
AT-RQ8,Antonis Tritsis,Προσδιοριστικοί παράγοντες προϋπολογισμού,"Ποια χαρακτηριστικά έργου, πρόσκλησης, δικαιούχου, χρόνου και Περιφέρειας συνδέονται με υψηλότερο εγκεκριμένο προϋπολογισμό;","Which project, call, beneficiary, time and regional characteristics are associated with a larger approved budget?",Project,Approved budget,Log-OLS HC3; GLM Gamma/log; quantile regression,Reconstructed from dataset scope
AT-RQ9,Antonis Tritsis,Υποδομές και πράσινη μετάβαση,"Πώς κατανέμεται η χρηματοδότηση μεταξύ ύδρευσης, λυμάτων, ΑΠΕ, αποβλήτων, οδοποιίας, αναπλάσεων, κτιρίων, έξυπνων πόλεων και λοιπών προτεραιοτήτων;","How is funding allocated across water, wastewater, renewables, waste, roads, regeneration, buildings, smart cities and other priorities?",Project/region,Thematic budget allocation,Composition; correspondence analysis; GIS small multiples,Reconstructed from AT01–AT13
AT-RQ10,Antonis Tritsis,Μέγεθος και πλήθος έργων,"Υφίσταται αντιστάθμιση μεταξύ χρηματοδότησης λίγων μεγάλων έργων και περισσότερων μικρότερων έργων ανά Περιφέρεια;","Is there a trade-off between funding a few large projects and a greater number of smaller projects by region?",Region,Mean budget and project count,Correlation; robust/quantile regression; frontier plot,Reconstructed from dataset scope
AT-RQ11,Antonis Tritsis,Πρόβλεψη και σενάρια,"Ποια κατανομή πρόσθετων πόρων θα μείωνε τις περιφερειακές και θεματικές ανισότητες υπό εναλλακτικούς περιορισμούς;","What allocation of additional resources would reduce regional and thematic inequalities under alternative constraints?",Region/call,Scenario allocation,Linear programming/Pyomo; sensitivity analysis,Reconstructed from scenario objective
AT-RQ12,Cross-programme,Συσχέτιση R&D και δημοτικών επενδύσεων,"Συμπίπτουν οι Περιφέρειες υψηλής ερευνητικής ικανότητας με εκείνες που προσελκύουν μεγαλύτερη ή πιο διαφοροποιημένη δημοτική αναπτυξιακή χρηματοδότηση;","Do regions with high research capacity also attract larger or more diversified municipal-development funding?",Region,Joined R&D and Antonis Tritsis indicators,Canonical correlation; clustering; spatial comparison,New cross-dataset question
